{
  "自然模式": {
    "versions": [
      {
        "name": "默认模板",
        "prefix": "每次回答或者工作后，生成本次回答或者工作的总结，并自动识别cursor所在的项目，然后将项目名称和总结内容一起，以更新的方式，保存在当前项目的{项目名称}-log.md文档中",
        "suffix": ""
      }
    ]
  },
  "3. 生成问题解决方案小结": {
    "versions": [
      {
        "name": "默认模板",
        "prefix": "2",
        "suffix": "请将你给我的回复做成总结的样式，全文更新到规则中指定的文档内。"
      }
    ]
  },
  "4. 模块开发工作复审": {
    "versions": [
      {
        "name": "默认模板",
        "prefix": "",
        "suffix": "请将你给我的回复做成总结的样式，全文更新到规则中指定的文档内。"
      }
    ]
  },
  "5.代码自查": {
    "versions": [
      {
        "name": "默认模板",
        "prefix": "",
        "suffix": "请将你给我的回复做成总结的样式，全文更新到规则中指定的文档内。"
      }
    ]
  },
  "排查故障": {
    "versions": [
      {
        "name": "默认模板",
        "prefix": "针对下面的故障描述，按照文档“故障诊断规范-简化版.md”的内容， 设置排障措施。",
        "suffix": "请将你给我的回复做成总结的样式，全文更新到规则中指定的文档内。"
      },
      {
        "name": "1",
        "prefix": "1",
        "suffix": ""
      }
    ]
  }
}